Item_ID,Item_Name,Restaurant_Name,Cuisine_Type,Price,Category,Rating
ITM001,cold,"Martinez, Williams and Lewis",Chinese,9.93,Main Course,4.0
ITM002,check,"Swanson, Brennan and Lee",Mexican,12.68,Appetizer,3.7
ITM003,pressure,"Webster, Ponce and Potter",Indian,41.79,Main Course,4.0
ITM004,myself,Bush PLC,American,7.29,Beverage,4.1
ITM005,wind,"Cox, Barnes and Hernandez",Mexican,39.19,Beverage,4.8
ITM006,purpose,Fischer Ltd,Italian,49.06,Beverage,3.5
ITM007,any,Ramos-Smith,American,8.78,Appetizer,4.6
ITM008,knowledge,"Jordan, Knight and Gray",Mexican,5.01,Beverage,3.7
ITM009,enough,"George, Weaver and Gilbert",American,44.81,Dessert,3.1
ITM010,southern,"Farmer, Hale and Bond",American,22.93,Beverage,3.8
ITM011,watch,Martinez Ltd,Chinese,41.06,Dessert,4.1
ITM012,determine,Green PLC,American,29.74,Dessert,4.4
ITM013,skin,"Patel, Rojas and Davis",American,21.78,Main Course,4.4
ITM014,foot,"Ortega, Keller and Jacobson",Chinese,28.65,Main Course,3.9
ITM015,budget,Medina Group,Italian,13.42,Dessert,3.5
ITM016,hotel,Ortega-Maynard,Italian,34.21,Dessert,4.8
ITM017,audience,"Collins, Turner and Short",American,24.27,Appetizer,4.0
ITM018,strategy,Welch-Lyons,Chinese,41.5,Dessert,4.6
ITM019,for,Harris Group,Indian,16.77,Dessert,4.7
ITM020,open,"Goodman, Shepherd and George",Chinese,48.21,Main Course,3.5
ITM021,page,Rivers Ltd,American,28.35,Main Course,3.0
ITM022,protect,"Clark, Holloway and Krause",Mexican,14.94,Main Course,4.6
ITM023,degree,"Robinson, Rodriguez and Guzman",Indian,31.9,Main Course,4.5
ITM024,fire,"Jackson, Ford and Riggs",Indian,47.56,Beverage,3.4
ITM025,mother,Reed-Nguyen,Indian,19.34,Dessert,3.4
ITM026,give,Galvan Inc,Mexican,40.29,Beverage,4.6
ITM027,support,Stanton-Buchanan,Chinese,19.4,Appetizer,3.9
ITM028,respond,"Roach, Charles and Kim",American,47.7,Dessert,3.9
ITM029,maybe,"Miller, Vasquez and Davis",Chinese,5.6,Appetizer,4.4
ITM030,avoid,"Thornton, Jackson and Jones",Indian,10.59,Main Course,4.8
ITM031,magazine,Huffman and Sons,Indian,7.07,Beverage,3.4
ITM032,or,Allen Inc,Italian,36.52,Main Course,3.1
ITM033,among,Bell and Sons,Indian,48.58,Main Course,4.4
ITM034,job,Rivers-Bryant,Indian,44.01,Appetizer,4.8
ITM035,then,Black PLC,Chinese,27.45,Beverage,4.7
ITM036,laugh,Gonzalez LLC,Italian,22.88,Beverage,3.7
ITM037,still,Velazquez Inc,Mexican,41.91,Dessert,4.4
ITM038,each,Foster and Sons,Italian,39.02,Main Course,4.4
ITM039,test,Matthews-Mills,Indian,46.79,Main Course,4.5
ITM040,sort,"Perez, Michael and Brown",Indian,13.83,Dessert,3.4
ITM041,cup,Keith Group,American,34.58,Main Course,4.8
ITM042,deep,"Lane, Lynch and Williams",Mexican,26.66,Dessert,4.7
ITM043,production,"Johnson, Pena and Allen",Indian,43.32,Main Course,3.7
ITM044,attorney,"Dunn, Pittman and Sullivan",Mexican,41.73,Beverage,4.8
ITM045,huge,Meyers Group,Italian,40.79,Appetizer,4.3
ITM046,step,"Ellison, Lara and Smith",Indian,6.32,Appetizer,4.8
ITM047,dinner,Weeks Ltd,Mexican,9.59,Appetizer,3.5
ITM048,direction,Price and Sons,Italian,34.03,Appetizer,3.2
ITM049,quite,"Taylor, Hardy and Brewer",Italian,35.61,Appetizer,3.7
ITM050,expert,Ross Ltd,Italian,20.94,Beverage,3.0
ITM051,push,Lane LLC,Italian,38.0,Main Course,3.6
ITM052,value,Bowers Inc,Mexican,25.45,Appetizer,3.3
ITM053,out,Moore-Jordan,American,27.83,Appetizer,3.5
ITM054,exactly,"Martin, Vaughn and Moore",Italian,42.78,Dessert,3.2
ITM055,benefit,Reynolds-Ford,Indian,20.75,Appetizer,3.9
ITM056,food,"Thomas, Johnson and Hopkins",Chinese,5.31,Dessert,4.2
ITM057,sort,"Garcia, Hendrix and Mcdowell",Mexican,20.32,Dessert,4.4
ITM058,food,"Pierce, Walker and Goodman",American,32.25,Beverage,3.7
ITM059,way,Walsh-Smith,Chinese,48.6,Beverage,3.3
ITM060,carry,Thomas-Jimenez,Italian,16.92,Beverage,3.7
ITM061,buy,Woods LLC,Italian,17.06,Appetizer,4.9
ITM062,truth,"Ferguson, Rosales and Wright",Chinese,14.64,Beverage,3.7
ITM063,response,"Rodriguez, Miller and Johnson",Italian,18.81,Main Course,3.8
ITM064,until,"Parks, Molina and Jacobs",Italian,17.53,Beverage,3.4
ITM065,call,"Henry, Robinson and Price",Indian,30.95,Beverage,3.9
ITM066,mouth,Jordan-Wells,American,33.56,Beverage,5.0
ITM067,article,"Carpenter, Doyle and Jones",American,48.75,Appetizer,3.5
ITM068,agency,"Berry, Tran and Hall",Chinese,46.85,Dessert,3.1
ITM069,your,Dawson-Luna,Chinese,28.82,Dessert,4.9
ITM070,miss,"Rogers, Larson and Savage",Mexican,28.66,Appetizer,3.3
ITM071,degree,Hatfield Group,Italian,45.64,Main Course,3.4
ITM072,opportunity,Pierce-Morales,American,15.03,Appetizer,4.5
ITM073,ability,"Cooper, Murillo and Williams",Italian,26.97,Beverage,4.5
ITM074,day,Martin-Wilson,Italian,11.55,Appetizer,4.1
ITM075,conference,Wolfe-Murphy,Italian,48.83,Appetizer,4.4
ITM076,thing,Armstrong LLC,American,47.89,Main Course,4.3
ITM077,both,Wallace-King,Mexican,7.31,Appetizer,4.8
ITM078,what,Martinez-Mays,American,29.89,Appetizer,4.8
ITM079,my,Martin-Tran,American,8.68,Beverage,3.1
ITM080,believe,Hughes-Holmes,American,30.38,Main Course,3.0
ITM081,else,Alexander and Sons,Chinese,32.44,Main Course,4.0
ITM082,resource,Coleman LLC,Mexican,33.25,Appetizer,3.4
ITM083,interest,Valenzuela-Vaughn,Mexican,29.21,Beverage,5.0
ITM084,lose,"Allen, Benton and Doyle",Chinese,33.87,Dessert,3.0
ITM085,strong,"Sullivan, Nguyen and Peck",Mexican,37.97,Appetizer,4.5
ITM086,contain,Smith Inc,Italian,36.55,Main Course,4.5
ITM087,next,Dunlap-Johnson,Mexican,48.77,Main Course,4.3
ITM088,page,"Le, Snyder and Jackson",Indian,16.29,Beverage,4.9
ITM089,music,Russell Ltd,Italian,14.46,Main Course,4.7
ITM090,stay,Reed-Roberts,American,38.7,Appetizer,3.3
ITM091,fire,Nelson Inc,Chinese,49.87,Beverage,3.4
ITM092,pressure,Rose Inc,American,43.74,Main Course,4.7
ITM093,type,"Moses, Rangel and Mcclure",Italian,6.05,Appetizer,3.5
ITM094,eight,"Curry, Hernandez and Castillo",Chinese,28.85,Dessert,4.3
ITM095,report,Barton-Jenkins,American,17.34,Beverage,3.0
ITM096,attorney,Martinez-Porter,American,29.19,Appetizer,3.1
ITM097,service,"Mercer, Stokes and Brown",Indian,5.65,Main Course,3.1
ITM098,training,Heath-Randolph,Indian,33.78,Dessert,3.1
ITM099,wonder,Soto-Bailey,American,34.28,Dessert,4.0
ITM100,inside,Wiley Inc,Chinese,14.28,Beverage,3.4
ITM101,oil,Potter-Martinez,Mexican,37.0,Main Course,4.9
ITM102,door,"Lopez, Bridges and Mcconnell",Italian,49.8,Main Course,3.6
ITM103,moment,Williams Group,Mexican,17.51,Dessert,3.0
ITM104,those,Smith and Sons,Mexican,29.35,Appetizer,3.8
ITM105,put,Johnson Inc,Italian,39.12,Beverage,3.1
ITM106,news,Rodriguez Ltd,Mexican,24.59,Appetizer,3.8
ITM107,key,"Morales, Johnson and Mendez",Mexican,39.5,Main Course,3.0
ITM108,make,"Reed, Jones and Blevins",Italian,17.76,Appetizer,4.2
ITM109,campaign,Hall Inc,Indian,14.98,Appetizer,4.7
ITM110,certainly,"Perkins, Medina and Lang",Indian,26.55,Main Course,4.8
ITM111,marriage,"Chan, Tran and Chen",Chinese,36.07,Dessert,4.3
ITM112,voice,Chen PLC,Chinese,28.46,Beverage,3.1
ITM113,do,Steele-Mcintosh,Italian,47.99,Dessert,3.7
ITM114,writer,Thompson-Castillo,Italian,47.86,Main Course,4.8
ITM115,group,"Johnson, Chaney and Stevens",Indian,33.82,Appetizer,3.6
ITM116,away,Jones-Barr,Chinese,26.67,Appetizer,5.0
ITM117,nation,Jimenez and Sons,American,11.4,Appetizer,4.0
ITM118,economic,Perry-Rasmussen,Mexican,37.58,Appetizer,3.1
ITM119,third,Robbins-Murphy,Indian,43.84,Dessert,3.0
ITM120,everything,Mcmahon-Coleman,Chinese,33.98,Dessert,4.9
ITM121,several,Harmon and Sons,Indian,17.1,Main Course,4.9
ITM122,there,"Copeland, Chambers and Donovan",Indian,17.7,Appetizer,4.4
ITM123,according,Goodwin-Vincent,Chinese,18.23,Main Course,4.1
ITM124,born,Rogers Inc,Mexican,19.25,Beverage,3.9
ITM125,only,Young LLC,Mexican,21.47,Beverage,4.4
ITM126,practice,Johnson PLC,Chinese,43.93,Beverage,4.7
ITM127,glass,Bailey Group,Italian,5.55,Appetizer,3.2
ITM128,after,"Parker, Reeves and Morrison",Italian,16.72,Dessert,3.8
ITM129,amount,"Torres, Obrien and Wilkins",Chinese,48.7,Dessert,3.2
ITM130,house,Kaufman Ltd,Mexican,45.52,Beverage,4.1
ITM131,difficult,"Johnson, Harvey and Taylor",Indian,27.84,Beverage,4.0
ITM132,stop,Dominguez LLC,Italian,24.74,Dessert,3.8
ITM133,ask,Spencer and Sons,Indian,42.49,Appetizer,4.1
ITM134,fine,Wells-Patton,Mexican,21.97,Beverage,4.1
ITM135,a,Sanders and Sons,Indian,43.27,Appetizer,4.9
ITM136,agency,Davis-Walker,Chinese,49.53,Beverage,3.3
ITM137,style,"Henderson, Allen and Ferguson",Italian,41.17,Dessert,3.8
ITM138,financial,Mitchell LLC,Italian,27.8,Beverage,4.6
ITM139,lawyer,"Bray, Compton and Mckenzie",Chinese,21.34,Dessert,3.6
ITM140,training,Ramos LLC,Mexican,47.98,Beverage,4.2
ITM141,memory,Edwards-Gomez,Chinese,27.82,Dessert,4.7
ITM142,performance,"Hawkins, Wright and Gonzalez",Indian,34.27,Appetizer,4.1
ITM143,onto,"Brooks, Brooks and House",Chinese,32.61,Main Course,4.0
ITM144,TV,Hill Group,Indian,9.77,Dessert,4.2
ITM145,task,"Rivers, Richards and Williams",Italian,18.39,Appetizer,4.5
ITM146,because,James and Sons,Chinese,9.26,Dessert,4.1
ITM147,sell,Porter Inc,American,29.05,Dessert,3.4
ITM148,form,"Carpenter, Santos and Kirk",Italian,45.71,Beverage,3.1
ITM149,around,Jones-Clark,American,40.82,Dessert,4.0
ITM150,professor,Anderson Ltd,Mexican,21.95,Appetizer,4.7
